{
  "model": "resunet",
  "best_val_dice": 0.7602578536156686,
  "pos_weight": 2.7258732318878174,
  "threshold": 0.5,
  "best_ckpt": "seg_runs_mass_fp/resunet/resunet_best.pt",
  "test_loss": 0.44843609098877224,
  "test_dice": 0.7531249629599708,
  "test_iou": 0.6303411253861019,
  "test_empty_pred_ratio": 0.013824884792626729
}