{
  "model": "unetpp",
  "best_val_dice": 0.7700898490968298,
  "pos_weight": 2.71964693069458,
  "threshold": 0.5,
  "best_ckpt": "seg_runs_mass_new/unetpp/unetpp_best.pt",
  "test_loss": 0.45018556145104494,
  "test_dice": 0.7630529365756294,
  "test_iou": 0.6438678665594622,
  "test_empty_pred_ratio": 0.013824884792626729
}